,1,2,3,4,5,6,7,8,9
A,-999,0,0,0,-,0,0,-,0
D,-999,-1.3,-1.3,-1.6,-,-2.5,-1.3,-,-1.2
E,-999,0.1,-1.2,-1.4,-,-2.5,0.9,-,-0.3
F,0,0.8,0.8,0.2,-,-0.8,2.1,-,2.1
G,-999,0.5,0.2,-1.1,-,-0.6,0,-,-0.6
H,-999,0.8,0.2,0.1,-,-0.8,0.9,-,-0.2
I,-1,1.1,1.5,1.1,-,-0.5,2.4,-,3.4
K,-999,1.1,0,-1.3,-,-1.1,0.5,-,-1.1
L,-1,1,1,-0.8,-,-0.9,2.2,-,3.4
M,-1,1.1,1.4,-0.4,-,-0.8,1.8,-,2
N,-999,0.8,0.5,-1.1,-,-0.6,1.4,-,-0.5
P,-999,-0.5,0.3,-1.2,-,-0.5,-0.2,-,-0.6
Q,-999,1.2,0,-1.5,-,-1.1,1.1,-,-0.9
R,-999,2.2,0.7,-1.1,-,-1.1,0.7,-,-0.8
S,-999,-0.3,0.2,1.5,-,0.6,0.4,-,-0.3
T,-999,0,0,1.4,-,-0.08,0.9,-,0.4
V,-1,2.1,0.5,0.9,-,0.1,1.6,-,2
W,0,-0.1,0,-1.1,-,-0.9,1.4,-,0.8
Y,0,0.9,0.8,-0.9,-,-1,1.7,-,1.1
