allele,freq
HLA-C*04:01,29.0
HLA-C*07:01,25.4
HLA-C*06:02,23.0
HLA-A*02:01,22.3
HLA-A*23:01,20.7
HLA-C*02:02,19.0
HLA-A*03:01,18.7
HLA-C*07:02,18.1
HLA-B*53:01,18.1
HLA-B*07:02,15.8
HLA-C*16:01,15.7
HLA-B*15:03,13.9
HLA-B*58:01,13.5
HLA-A*68:02,12.7
HLA-C*17:01,11.7
HLA-B*45:01,10.8
HLA-B*42:01,10.5
HLA-A*30:01,10.4
HLA-B*35:01,10.1
HLA-A*01:01,10.0
HLA-C*03:04,9.3
HLA-A*30:02,9.2
HLA-B*08:01,8.5
HLA-A*34:02,8.4
HLA-A*74:01,8.4
HLA-A*33:03,8.0
HLA-C*18:01,7.3
HLA-A*29:02,7.2
HLA-B*44:03,6.9
HLA-B*49:01,6.9
