allele,percent
HLA-A*02:01,0.46
HLA-C*07:01,0.28
HLA-A*01:01,0.27
HLA-A*03:01,0.24
HLA-C*07:02,0.22
HLA-C*04:01,0.21
HLA-B*44:02,0.20
HLA-B*07:02,0.18
HLA-B*08:01,0.18
HLA-C*05:01,0.17
HLA-C*03:04,16.8
HLA-C*06:02,15.7
HLA-A*11:01,15.3
HLA-B*40:01,13.6
HLA-A*24:02,12.1
HLA-B*35:01,10.7
HLA-C*03:03,10.6
HLA-B*51:01,10.4
HLA-C*12:03,9.9
HLA-B*15:01,9.6
HLA-A*29:02,8.9
HLA-A*26:01,8.2
HLA-A*32:01,8.2
HLA-C*08:02,7.7
HLA-A*25:01,7.5
HLA-B*57:01,7.1
HLA-B*14:02,6.7
HLA-C*02:02,6.6
HLA-B*18:01,6.4
HLA-B*44:03,6.4
